{"cameraMode":{"drawMode":0,"name":"Shaded","section":"Shading Mode"},"sceneLighting":false,"audioPlay":false,"sceneViewState":{"showFog":true,"showMaterialUpdate":false,"showSkybox":false,"showFlares":true,"showImageEffects":true,"showParticleSystems":true},"in2DMode":false,"pivot":{"x":1249.244384765625,"y":767.8299560546875,"z":382.22003173828127},"rotation":{"x":-0.023803550750017167,"y":0.9648754000663757,"z":-0.24412311613559724,"w":-0.09408127516508103},"size":4.397701263427734,"orthographic":false}