{"cameraMode":{"drawMode":0,"name":"Shaded","section":"Shading Mode"},"sceneLighting":true,"audioPlay":false,"sceneViewState":{"showFog":true,"showMaterialUpdate":false,"showSkybox":true,"showFlares":true,"showImageEffects":true,"showParticleSystems":true},"in2DMode":false,"pivot":{"x":-3.7597742080688478,"y":-3.8372507095336916,"z":-7.537880897521973},"rotation":{"x":-0.11258504539728165,"y":0.8874373435974121,"z":-0.3204125761985779,"w":-0.3117193281650543},"size":15.503150939941407,"orthographic":false}