{"cameraMode":{"drawMode":0,"name":"Shaded","section":"Shading Mode"},"sceneLighting":false,"audioPlay":false,"sceneViewState":{"showFog":true,"showMaterialUpdate":false,"showSkybox":true,"showFlares":true,"showImageEffects":true,"showParticleSystems":true},"in2DMode":false,"pivot":{"x":3.543761730194092,"y":1.3973407745361329,"z":18.409461975097658},"rotation":{"x":-0.027224445715546609,"y":-0.0772969052195549,"z":0.002111283363774419,"w":-0.9966362714767456},"size":29.39574432373047,"orthographic":false}