{"cameraMode":{"drawMode":0,"name":"Shaded","section":"Shading Mode"},"sceneLighting":false,"audioPlay":false,"sceneViewState":{"showFog":true,"showMaterialUpdate":false,"showSkybox":false,"showFlares":true,"showImageEffects":true,"showParticleSystems":true},"in2DMode":false,"pivot":{"x":0.7906219363212586,"y":-0.1107461154460907,"z":0.1407443881034851},"rotation":{"x":0.01715092733502388,"y":0.7659827470779419,"z":0.020448172464966775,"w":-0.6423393487930298},"size":-0.14131784439086915,"orthographic":false}