{"cameraMode":{"drawMode":0,"name":"Shaded","section":"Shading Mode"},"sceneLighting":false,"audioPlay":false,"sceneViewState":{"showFog":true,"showMaterialUpdate":false,"showSkybox":false,"showFlares":true,"showImageEffects":true,"showParticleSystems":true},"in2DMode":false,"pivot":{"x":0.00012052059173583984,"y":1.6351213455200196,"z":0.3932042717933655},"rotation":{"x":-0.1757010668516159,"y":0.12983573973178864,"z":0.023383840918540956,"w":0.9755670428276062},"size":0.7395059466362,"orthographic":false}