{"cameraMode":{"drawMode":0,"name":"Shaded","section":"Shading Mode"},"sceneLighting":false,"audioPlay":false,"sceneViewState":{"showFog":true,"showMaterialUpdate":false,"showSkybox":false,"showFlares":true,"showImageEffects":true,"showParticleSystems":true},"in2DMode":false,"pivot":{"x":-0.021033979952335359,"y":-0.036058321595191959,"z":0.2171049267053604},"rotation":{"x":-0.000772770494222641,"y":0.9970675706863403,"z":0.07611513882875443,"w":0.010142910294234753},"size":1.9586820602416993,"orthographic":false}